title,type,subsection,main_content,context,outcome,predicted_reference,predicted_context,predicted_outcome
,Q2.4,Taurine drives glycolysis in leukaemia,This identified profound downregulation of oncogenic MYC and mTOR pathways (Fig. 5j and Extended Data Fig. 11c).,"As mTOR signalling is known to regulate expression of glycolysisrelated genes38,",we tested whether TAUT loss impairs mTOR activation.,,"It is well established that the MYC and mTOR signaling pathways act as master regulators of cellular metabolism, specifically driving glycolysis, and are essential for the proliferation and survival of cancer cells in aggressive leukaemias.","Therefore, this indicates that taurine promotes leukaemogenesis by sustaining MYC and mTOR signaling, which subsequently drives the glycolytic phenotype required for leukaemia cell growth and survival."
,Q2.3,Taurine drives glycolysis in leukaemia,"Western blot analysis showed that TAUT loss results in a 2.2- to 3-fold reduction in activated mTOR, p70S6k and pEIF4B as compared to the controls (Fig. 5k–m and Extended Data Fig. 11e). Our global phosphoproteome and total-proteome analyses also showed reduced expression of phosphorylated proteins associated with mTOR signalling, as well as 3.3-fold reduced BCL2 and 1.5-fold increased LC3A expression in the absence of TAUT (Extended Data Fig. 11f,g). Like TAUT loss, TAUT inhibition with TAG and GES downregulated glycolysis-related gene expression (Extended Data Fig.11h,i) and impaired phosphorylation of mTOR signalling (Extended Data Fig. 12a,b). Consistent with a direct impact of taurine on mTOR signalling, acute treatment in vitro and long-term taurine dosing in vivo could activate mTOR signalling (Extended Data Fig.12c–h). Inhibiting mTOR with rapamycin impaired the growth of wild-type cells but did not impact Slc6a6−/− cells in vitro or invivo (Fig. 5n and Extended Data Fig.12i,k). By contrast, mTOR activation with MHY148539 rescued the colony-forming ability of Slc6a6−/− LSCs to 60% of the control, and membrane-permeable taurine rescued mTOR activation (Fig. 5o and Extended Data Fig. 12j–l).",,"Collectively, these data indicate that mTOR signalling has a key role downstream of taurine in leukaemia cells.",,"It is well established that the mTOR signaling pathway is a central regulator of cellular metabolism, survival, and proliferation in cancer, promoting metabolic reprogramming such as glycolysis and driving translation via downstream effectors like p70S6k and pEIF4B.",This indicates that taurine uptake via TAUT promotes leukemogenesis and maintains leukemia stem cell function mechanistically by hyperactivating the mTOR signaling pathway and driving glycolytic metabolism.
,Q1.1,Taurine drives glycolysis in leukaemia,We hypothesized that taurine may activate mTOR by promoting its interaction with RAG GTPases.,"Amino acid availability can be sensed by RAG GTPases to facilitate mTORC1 localization to the outer lysosomal membrane40 and its interaction with RHEB GTPases41, thereby promoting mTORC1 activation.","To test this, we determined the effect of expressing constitutively active RAGA(Q66L) or RHEB(Q64L) on the colony-forming ability of Slc6a6 wild-type and null cells. ... Finally, we directly tested whether taurine could promote mTOR interactions with lysosomes in wild-type and Slc6a6−/− leukaemia cells expressing RAGA(Q66L) (Fig. 5q).",,"The activation of mTORC1 in response to nutrients depends on its physical interaction with Rag heterodimers (RagA/B and RagC/D), which recruit mTOR to the lysosome for activation. Co-immunoprecipitation (Co-IP) is the established biochemical method used to assess these dynamic protein-protein interactions in cultured cells. Previous foundational studies have successfully utilized Co-IP followed by Western blotting to demonstrate that nutrient availability rapidly enhances the binding affinity between mTOR and Rag GTPases.","Perform co-immunoprecipitation (Co-IP) assays on lysates from leukemia cells cultured in the presence or absence of taurine. Specifically, immunoprecipitate endogenous mTOR using specific antibodies and analyze the immunoprecipitates via Western blot to detect and quantify the co-elution of Rag GTPases (e.g., RagA or RagC)."
,Q2.3,Taurine drives glycolysis in leukaemia,"Our experiments showed that, while RHEB(Q64L) partially rescued Slc6a6−/− colony formation, this could be fully rescued by RAGA(Q66L) (Fig. 5p). Furthermore, mTOR phosphorylation in Slc6a6−/− cells could be rescued by RAGA(Q66L) (Extended Data Fig. 12m). ... Our immunofluorescence-based analysis showed that, at the baseline, Slc6a6−/− cells have 1.2-fold lower mTOR–LAMP1 interaction, which could be fully rescued by RAGA(Q66L). Taurine supplements increased mTOR–LAMP1 co-localization to levels seen in cells expressing RAGA(Q66L). However, this interaction could not be increased further by adding taurine to RAGA(Q66L)-expressing cells (Fig. 5r,s), ",consistent with our colony-forming assays (Extended Data Fig. 12n).,"Collectively, our studies show that the taurine–TAUT axis regulates glycolysis in myeloid leukaemia cells by promoting RAG-mediated activation of mTOR signalling.",,"It is well established that Rag GTPases, such as RagA, are responsible for the nutrient-sensing recruitment of mTOR to the lysosomal surface (marked by LAMP1) to facilitate its activation. Furthermore, the lack of an additive effect between a metabolite supplement (taurine) and a constitutively active signaling mutant (RAGA) indicates that they function in the same linear molecular pathway.","This demonstrates that taurine promotes leukaemia growth by acting upstream of the RagA complex to drive the RagA-dependent recruitment of mTOR to the lysosome, thereby activating the mTOR signaling pathway."
,Q2.4,Pre-analytical factors affecting cfRNA,"we observed that cfRNA is highly frag
mented and does not contain detectable 18S and 28S rRNA peaks 
(Extended Data Fig. 1a), ","As previously described1,8,11, ",indicating high levels of degradation. ,,"It is well established that unprotected RNA in the bloodstream is rapidly cleaved by ubiquitous circulating ribonucleases (RNases), contrasting with intact cellular RNA which is characterized by prominent and structurally intact 18S and 28S ribosomal RNA subunits.","This indicates that conventional RNA integrity metrics are inapplicable to liquid biopsies, highlighting the necessity for specialized, fragmentation-tolerant methodologies (such as RARE-seq) specifically optimized to capture and sequence short, degraded circulating transcripts rather than relying on intact RNA capture."
,Q2.4,Pre-analytical factors affecting cfRNA,"In blood 
samples from healthy donors with no history of cancer, the median 
concentration of cfRNA was 220 pg per millilitre plasma, representing 
the equivalent of approximately 20 cells (n = 117; Extended Data Fig. 1b).",,We therefore began by evaluating factors that affected cfRNA recovery and downstream expression analysis (Supplementary Note). ,,It is well established that baseline circulating cell-free RNA (cfRNA) in healthy individuals is present at low concentrations and is predominantly shed by the normal turnover of haematopoietic cells.,"This establishes a distinct, low physiological baseline for total cfRNA in circulation, demonstrating that the successful non-invasive detection of rare circulating tumour RNA (ctRNA) requires ultrasensitive methods capable of analyzing very low-input transcriptomic backgrounds."
,Q1.1,Pre-analytical factors affecting cfRNA,"We next optimized multiple steps in 
the assay workflow, including removal of contaminating DNA, comple
mentary DNA (cDNA) synthesis and end repair.",,"We next optimized multiple steps in 
the assay workflow, including removal of contaminating DNA, comple
mentary DNA (cDNA) synthesis and end repair.",,"Cell-free RNA (cfRNA) in blood plasma is highly fragmented and present at significantly lower concentrations than cell-free DNA (cfDNA), which typically dominates circulating nucleic acids. Standard RNA-sequencing protocols are generally insufficient for cfRNA because residual cfDNA can overwhelm the library, leading to high background and false biological signals. Furthermore, the degraded nature of cfRNA limits the efficiency of standard reverse transcription and adapter ligation. To successfully detect rare circulating tumor RNA (ctRNA) against a massive background of hematopoietic transcripts, it is widely established that library preparation must be specialized for low-input, highly fragmented material. This necessitates rigorous DNase treatment to eliminate genomic DNA, highly processive reverse transcription to convert short RNA templates into cDNA, and optimized enzymatic end-repair to maximize adapter ligation efficiency and library complexity.","Perform a systematic comparison of library preparation parameters by (1) testing various DNase I (e.g., TURBO DNase) concentrations and digestion times on plasma nucleic acid extracts to maximize cfDNA depletion without RNA loss; (2) evaluating multiple highly processive reverse transcriptases (e.g., SuperScript IV) combined with varying ratios of random hexamer primers to optimize cDNA synthesis efficiency for fragmented templates; and (3) comparing different end-repair/A-tailing enzymatic master mixes and incubation temperatures to maximize successful sequencing adapter ligation and overall library yield."
,Q1.1,Platelet genes are enriched in cfRNA,"We next characterized expression differences between cellular and 
cfRNA ",,"by applying RARE-seq to cfRNA and matched leukocyte RNA from 
ten healthy adults. ",,"While the vast majority of cell-free RNA (cfRNA) in blood plasma originates from hematopoietic cells, the cell-free transcriptome is not a perfect mirror of the intracellular transcriptome. Biological processes such as selective secretion, apoptosis-driven fragmentation, and differential susceptibility to circulating RNases result in distinct RNA biotype enrichments and degradation profiles in plasma compared to intact blood cells. Previous foundational studies characterizing the cell-free transcriptome have established this principle by profiling and comparing plasma cfRNA against cellular RNA from matched whole blood or peripheral blood mononuclear cells (PBMCs) to identify compartment-specific biases and baseline circulating biomarkers.","We isolated cfRNA from plasma and matched cellular RNA from the buffy coat (containing peripheral blood mononuclear cells) of the same human subjects. We then constructed sequencing libraries using our optimized RARE-seq protocol for the cfRNA and standard RNA-seq methods for the cellular RNA, performed high-throughput sequencing, and conducted differential gene expression and biotype enrichment analyses to quantify the relative abundance of transcripts between the two compartments."
,Q2.4,Platelet genes are enriched in cfRNA,"Only two haematopoietic cell types were enriched in cfRNA — erythroid 
precursors and platelets — ",,"suggesting their contributions to the cfRNA 
pool during erythropoiesis and megakaryocytopoiesis.",,"It is well established that the vast majority of circulating transcripts in blood plasma are shed by haematopoietic cells, which creates a high background signal that obscures rare molecules in liquid biopsies.","This indicates that the baseline healthy cfRNA transcriptome is predominantly driven by RNA shedding from these specific blood lineages, meaning that accounting for or suppressing erythroid and platelet-derived transcript noise is the critical mechanistic step required to improve the limit of detection for rare circulating tumour RNA (ctRNA)."
,Q1.1,Platelet genes are enriched in cfRNA,"Therefore, we investigated whether expression contributions from platelet contamination could be algorithmically eliminated. ",,"To do so, we developed an in silico approach to remove unwanted gene expression driven by varying platelet contamination levels (Fig. 1i). This approach aims to separate wanted variation (that is, cancer-associated gene expression differences) from unwanted 
variation (that is, technical or biological noise) by performing factor analysis of expression from negative control genes for which only 
unwanted variation is expected to be present (Methods).",,"Plasma cell-free RNA (cfRNA) is frequently dominated by transcripts released from hematopoietic cells and platelets undergoing lysis or activation during blood collection. Platelets, despite being anucleate, possess a highly abundant, stable, and distinct transcriptomic profile (e.g., marked enrichment of PPBP, PF4, and ITGA2B transcripts) that can mask the detection of rare circulating tumor RNA (ctRNA). Because this platelet-specific RNA signature is well-characterized and biologically distinct from solid tumor transcriptomes, previous studies have successfully employed computational deconvolution and reference-based bioinformatic approaches to estimate and separate hematopoietic background noise from tissue-specific cfRNA signals.","We defined a platelet-specific gene expression signature using publicly available transcriptomic datasets of purified blood cells, and applied a computational regression algorithm to the RARE-seq cfRNA data to quantify the platelet-derived fraction and systematically subtract these read counts from the overall gene expression profiles prior to downstream analysis."
,Q1.1,Enhancing sensitivity of ctRNA detection,"We therefore hypothesized that selectively capturing genes absent from or lowly expressed in healthy control cfRNA could enhance detection of non-haematopoietic tissue or disease signatures and expand the utility of RARE-seq to a wide range of clinical applications. To test this, ",,"we identified such ‘rare abundance genes’ (RAGs) using whole-coding transcriptome RARE-seq data from healthy 
cfRNA samples (n = 50) and RNA-seq data from healthy whole-blood 
samples (n = 307) from the GTEx project16 (Fig. 2a).  We defined RAGs 
based on consistent low or absent expression in cfRNA and whole blood 
(n = 5,632 genes; Extended Data Fig. 3a and Supplementary Table 1). ",,"Hybridization-based targeted enrichment is a well-established biological method for selectively isolating rare target nucleic acid sequences from a highly complex background. By utilizing biotinylated oligonucleotide probes complementary to regions of interest, researchers can physically pull down low-abundance molecules, thereby dramatically increasing sequencing depth and sensitivity for those specific targets while ignoring high-abundance background noise. This principle has been successfully used to detect rare circulating tumor DNA (ctDNA) among abundant normal hematopoietic DNA in liquid biopsies (e.g., CAPP-Seq), as well as to enrich and quantify ultra-low-abundance transcripts in RNA sequencing (CaptureSeq).","we designed a custom targeted hybridization capture panel comprised of oligonucleotide probes directed against thousands of transcripts known to be expressed in solid tumors or non-hematopoietic tissues, but absent or minimally expressed in normal blood cells. We then applied this probe panel to patient-derived cfRNA sequencing libraries to selectively enrich these informative transcripts prior to high-throughput Illumina sequencing."
,Q1.1,Enhancing sensitivity of ctRNA detection,We next profiled five healthy cfRNA samples ,,"using both whole-coding 
transcriptome and RAG capture panels using RARE-seq. ",,"To accurately detect rare circulating tumor RNA (ctRNA) in liquid biopsies, it is critical to first characterize the background noise of the normal cell-free transcriptome. Established biological principles dictate that the vast majority of circulating cfRNA in healthy individuals originates from apoptotic or lysed hematopoietic cells, including platelets, erythrocytes, and leukocytes. Understanding this non-malignant background distribution is necessary to evaluate the specificity and limit of detection of the RARE-seq method when searching for rare tumor-specific signals.","Isolate blood plasma from five healthy donors, extract cell-free RNA, and construct transcriptomic libraries using the optimized RARE-seq protocol, followed by next-generation sequencing to map and quantify the baseline abundance of hematopoietic transcripts."
,Q1.1,Enhancing sensitivity of ctRNA detection,"To score the presence of a gene signature of interest in cfRNA samples, ",,"we developed an analytical framework 
to compute a cfRNA gene signature enrichment score by comparing the expression of pre-defined signature genes in a sample of interest to 
a ‘meta-reference’ consisting of cfRNA samples from healthy controls and using bootstrapping to estimate its significance (Fig. 2g; Methods).  An important advantage of this approach is that unlike machine 
learning-based methods, it does not require a large training cohort of 
patient cfRNA samples, as it leverages existing gene expression datasets 
to define gene signatures and associated gene-wise weights based on 
their expression levels in the tissue or condition of interest.",,"In transcriptomic analyses, evaluating the activity or presence of a multigene signature is typically achieved by aggregating the normalized expression levels of its constituent genes. Established methodologies provide a quantitative composite score that mitigates individual gene noise by computing the sum or mean of Transcripts Per Million (TPM) values, or by utilizing algorithms like single-sample Gene Set Enrichment Analysis (ssGSEA). This principle of signal aggregation is standard practice for detecting subtle biological states in both bulk RNA-seq and highly diluted cell-free RNA (cfRNA) profiling.","calculate a composite gene expression score by extracting the RARE-seq data and summing the normalized transcript abundances (e.g., log-transformed Transcripts Per Million, TPM) of all the individual genes that comprise the target signature."
,Q1.1,Enhancing sensitivity of ctRNA detection,"To experimentally confirm this result,",,"we created in vitro dilution series, by spiking NCI-H1975 RNA into healthy 
donor cfRNA at defined concentrations. ",,"To establish the analytical sensitivity, limit of detection (LOD), and specificity of novel liquid biopsy transcriptomic assays, established validation frameworks utilize in vitro spike-in dilution models. By serially diluting characterized cancer cell line RNA (containing known mutations and cancer-specific expression profiles) into a complex wild-type background of healthy donor plasma cfRNA, researchers can generate controlled admixtures with known 'ground truth' tumor fractions. This permits a quantitative, head-to-head evaluation of signal-to-noise ratios and variant detection limits between a novel sequencing assay and conventional commercial cfRNA-seq kits.","Perform serial dilutions of RNA extracted from extensively profiled cancer cell lines into pooled cfRNA derived from healthy donor peripheral blood to create a controlled concentration gradient (e.g., 10% down to 0.01% tumor fraction). Process these identical sample admixtures in parallel using both the RARE-seq protocol and a standard cfRNA-seq method (such as SMARTer Stranded Total RNA-Seq), followed by next-generation sequencing and bioinformatic analysis to compare the detection rate of tumor-specific transcripts and false-positive rates across both methods."
,Q1.1,Detection of non-small-cell lung cancer,"Having developed and optimized RARE-seq, we focused the remainder 
of our study on generating proof-of-concept data for cfRNA analysis 
across several clinical applications",,"Given the higher analytic sensitivity 
observed by capturing RAGs, we used RAG-focused RARE-seq for these 
experiments. ",,"To establish the clinical validity and utility of a new liquid biopsy assay, it is necessary to benchmark the method using plasma samples from patient cohorts that represent the target diagnostic scenarios. Established biological principles dictate that circulating cell-free RNA (cfRNA) reflects the transcriptome of apoptotic or necrotic cells from various host organs, harboring both tissue-specific expression signatures and tumor-derived mutant transcripts (ctRNA). Previous foundational studies have successfully utilized cfRNA from human plasma to map tissue-of-origin contributions in health and disease and to non-invasively detect cancer markers. Therefore, generating proof-of-concept data requires applying RARE-seq to real-world clinical biofluids with known 'ground-truth' clinical annotations to evaluate its performance in genotyping, disease monitoring, and tissue classification.","We extracted cfRNA from a diverse clinical cohort of plasma samples, which included healthy controls, patients with various advanced malignancies (sampled both pre-treatment and longitudinally during therapy), and individuals with specific non-malignant conditions. We subsequently performed RARE-seq on these samples and applied customized bioinformatics pipelines to detect single nucleotide variants for non-invasive tumor genotyping, quantify organ-specific transcript levels for tissue-of-origin (TOO) classification, and track dynamic shifts in ctRNA abundance to monitor treatment resistance."
,Q1.1,Detection of non-small-cell lung cancer,"First, we investigated performance for tumour-naive 
detection of lung adenocarcinomas (LUADs), the most common type 
of non-small-cell lung cancer (NSCLC).",,"We analysed cfRNA from 139 
patients with LUAD (n = 20 patients with stage I, n = 8 patients with 
stage II, n = 15 patients with stage III and n = 96 patients with stage IV)  
and 50 controls without cancer, including 26 risk-matched controls 
with a history of substantial tobacco exposure collected at the time 
of low-dose computed tomography (LDCT) screening for lung cancer.",,"Previous studies have established that cell-free RNA (cfRNA) in blood plasma encapsulates tissue- and cancer-specific transcriptomic signatures. Because the abundance of specific tumor-derived mRNAs and non-coding RNAs is significantly altered in cancer patients compared to healthy physiological states, transcriptome-wide cfRNA profiling combined with predictive computational models can successfully classify disease states. This biological principle allows for non-invasive cancer detection without relying on prior knowledge of patient-specific tumor mutations (tumor-naive detection).","We will extract cfRNA from the blood plasma of a clinical cohort of patients with LUAD and a matched cohort of healthy control individuals. We will then process these samples using the RARE-seq assay to generate deep transcriptomic profiles, and train a machine learning classifier (such as a logistic regression or random forest model) on the normalized cfRNA gene expression counts. Finally, we will evaluate the tumor-naive detection performance by calculating the sensitivity, specificity, and the area under the receiver operating characteristic curve (AUROC) using cross-validation."
,Q1.1,Detection of non-small-cell lung cancer,"To further quantify the enrichment of LUAD-derived transcripts, 
",,"we applied the cfRNA enrichment score framework developed above using a LUAD-specific gene signature (LUAD Sig; n = 72 genes) identi
fied using RNA-seq data from LUAD tumours within TCGA17, LUAD cell 
lines from the Cancer Cell Line Encyclopedia (CCLE)18, whole blood 
(GTEx16) and meta-reference cfRNA controls (Methods). ",,"Tumor- and tissue-specific transcripts can be identified from primary tumor RNA-seq datasets (such as the TCGA LUAD cohort) and subsequently tracked in plasma to estimate the circulating tumor RNA (ctRNA) burden. Prior studies have established that aggregating the expression levels of highly specific, differentially expressed genes into a cumulative tissue-of-origin signature provides a robust metric for quantifying the enrichment of tumor-derived cell-free RNA in patient liquid biopsies relative to baseline noise in healthy controls.","we derived a panel of top LUAD-specific marker genes (e.g., SFTPB, NKX2-1, NAPSA) from the TCGA dataset and calculated a cumulative transcript enrichment score by mapping and quantifying the RARE-seq sequencing reads for these specific genes in LUAD patient plasma compared to healthy donor plasma."
,Q1.1,Detection of non-small-cell lung cancer,We also explored the ability to genotype cancer-derived somatic mutations using RARE-seq.,,"We therefore developed a custom ctRNA genotyping approach to detect clinically actionable variants, including single-nucleotide variants (SNVs), insertions or deletions (indels), splice variants and gene fusions, in recurrent NSCLC oncogenes. To ensure specificity, putative variants were censored if their 
variant allele frequency did not significantly exceed the background 
error rate observed in a subset of withheld controls (n = 50; Extended 
Data Fig. 5a; Methods). Performance was assessed in 136 patients with 
stage IV LUAD with known variants from previous tumour or ctDNA 
genotyping, as well as 97 healthy and LDCT controls (Supplementary 
Table 4).",,"Circulating tumor RNA (ctRNA) carries transcribed somatic mutations, providing a complementary source of tumor-derived nucleic acids for liquid biopsies. Previous studies have established that cancer-derived somatic mutations (such as those in EGFR or KRAS) can be reliably detected in cell-free and exosomal RNA, and that comparing RNA-based variant calls to a gold-standard reference—such as matched tumor tissue biopsy or circulating tumor DNA (ctDNA) profiling—is the standard method for validating the analytical sensitivity and concordance of a new liquid biopsy assay.","We performed RARE-seq on plasma-derived cfRNA from a cohort of cancer patients with known mutational profiles previously established via standard tumor tissue or ctDNA sequencing. We then aligned the resulting RARE-seq reads to the human reference genome, applied RNA-compatible somatic variant-calling algorithms to identify single nucleotide variants (SNVs) and indels, and compared the detected variants and their variant allele frequencies (VAFs) against the matched ground-truth genotyping data to calculate assay concordance."
,Q1.1,Identifying resistance to EGFR therapies,"We next assessed the performance of RARE-seq for identifying 
genetic mechanisms of resistance.",,"To detect MET pathway activa
tion caused by MET amplification using ctRNA, we developed a MET 
amplification signature (METamp Sig) containing nine genes differen
tially expressed in three EGFR-mutant NSCLC cell lines with acquired 
resistance due to MET amplification (Methods). ",,"Acquired therapeutic resistance in tumors frequently occurs through the emergence of specific genetic alterations, such as point mutations, gene fusions, or alternative splicing events, which are subsequently shed into the bloodstream. Previous studies have established that liquid biopsies can non-invasively track these emergent resistance mechanisms; for example, monitoring circulating nucleic acids can successfully reveal acquired mutations (e.g., KRAS, EGFR) in patients receiving targeted therapies. However, because standard cfRNA pools are overwhelmingly dominated by background hematopoietic transcripts, identifying these rare, tumor-derived resistance transcripts demands an ultrasensitive assay with a high signal-to-noise ratio.",We extracted cfRNA from the plasma of a cohort of cancer patients who had developed documented clinical resistance to targeted therapies and processed these samples using the RARE-seq protocol. We then bioinformatically analyzed the sequencing data to detect and quantify transcripts harboring known resistance-associated mutations and compared the RARE-seq variant detection profiles to matched clinical genotyping data obtained from standard tissue biopsies or ctDNA assays.
,Q1.1,Tissue-of-origin determination in ctRNA,"We also wanted to test whether the same RARE-seq assay could be 
used to detect other cancer types.",,"We therefore analysed plasma 
samples from patients with three types of other carcinomas: pancre
atic adenocarcinoma (PAAD; n = 10 patients with stage IV), prostate 
adenocarcinoma (PRAD; n = 1 patient with stage III and n = 8 patients 
with stage IV) and liver hepatocellular carcinoma (LIHC; n = 3 patients 
with stage I, n = 5 patients with stage II and n = 2 patients with stage IV).  
Cancer-specific gene signatures were generated for each cancer type 
and evaluated using the cfRNA enrichment score framework (Sup
plementary Table 7).",,"Solid tumors from various anatomical sites shed distinct, tissue-specific and cancer-associated RNA transcripts into the bloodstream. Prior research has established that comprehensive profiling of the cell-free transcriptome can successfully identify tissue- and subtype-specific biomarkers across multiple distinct solid tumor types, allowing for non-invasive multi-cancer detection and tissue-of-origin classification.","We will perform RARE-seq on plasma cfRNA isolated from a broad multi-cancer patient cohort (comprising diverse malignancies such as lung, breast, colorectal, and pancreatic cancers) alongside healthy controls. We will then bioinformatically analyze the sequencing data to quantify tumor-specific transcripts and evaluate the assay's sensitivity, specificity, and tissue-of-origin classification accuracy across the different cancer types."
,Q1.1,Application to non-malignant conditions,"We also explored several potential applications of RARE-seq beyond 
oncological settings, by first testing whether cfRNA expression might 
reveal lung injury caused by benign pulmonary conditions.",,"We profiled cfRNA from 3 patients with chronic obstructive pulmonary disorder, 7 patients with active COVID-19 infections (n = 13 timepoints) 
and 19 patients admitted to the intensive care unit with evidence of pulmonary injury (including 9 patients with acute respiratory distress syndrome).",,"It is an established biological principle that cellular stress, apoptosis, and tissue injury cause cells to release their intracellular RNA into the bloodstream. Consequently, circulating cell-free RNA (cfRNA) profiles can reflect the real-time health and transcriptional state of the source organs. Previous research has demonstrated that quantifying tissue-specific transcripts in plasma can non-invasively monitor organ-specific damage and disease dynamics (Koh et al., 2014). Building on this foundation, highly sensitive quantification of lung-specific transcripts (such as surfactant proteins or club cell secretory proteins) via RARE-seq should theoretically capture the molecular signatures of non-malignant pulmonary tissue injury.","We collected blood plasma samples from a clinical cohort of patients diagnosed with benign pulmonary conditions (such as asthma, chronic obstructive pulmonary disease (COPD), or pulmonary fibrosis) along with a cohort of healthy controls. We then extracted cell-free RNA from the plasma, processed the samples using the RARE-seq library preparation protocol, and performed deep RNA sequencing followed by differential gene expression analysis to evaluate whether lung-specific and inflammatory transcripts were significantly elevated in the patients with lung injury compared to the healthy controls."
,Q2.4,Application to non-malignant conditions,"Across these diverse pulmonary conditions, lung-derived 
cfRNA was detectable in 49% of patients using a normal lung gene 
expression signature derived from GTEx16 (Fig. 5d and Supplemen
tary Table 8). By contrast, among adult participants without known 
pulmonary conditions (n = 42), lung cfRNA was detected in 14%, with 
detection being significantly more frequent in current smokers than in 
former- or never-smokers (45.5% versus 3.6%, P = 0.004; Fig. 5e).",,"This result suggests that lung cfRNA is induced by ongoing injury to pulmonary epithelium caused by recent exposure to tobacco smoke23,24. ",,"It is well established that the release of tissue-specific cell-free RNA (cfRNA) into the bloodstream is a marker of cellular turnover, inflammation, or localized tissue injury in the corresponding organ.","This indicates that the RARE-seq method can sensitively detect subclinical lung tissue damage or increased cellular turnover induced by environmental exposures such as smoking, demonstrating its potential utility as a non-invasive biomarker for monitoring early, pre-clinical pulmonary injury."
,Q2.4,Application to non-malignant conditions,"Conversely, in patients with known pulmonary conditions, detection 
was significantly greater in those who were on a ventilator at the time 
of blood collection (Fig. 5f), ",,"probably reflecting the severity of the 
pulmonary condition as well as insult to pulmonary epithelium from 
mechanical ventilation25.",,"It is well established that severe pulmonary conditions requiring mechanical ventilation are associated with extensive lung tissue damage, acute inflammation, and mechanical stress (ventilator-induced lung injury), which trigger high cellular turnover and the subsequent release of intracellular contents, including RNA, into the bloodstream.","This indicates that elevated cfRNA levels directly reflect the extent of acute lung tissue injury, demonstrating that RARE-seq can be utilized as a non-invasive molecular biomarker to monitor disease severity and active organ damage in non-malignant clinical settings."
,Q1.1,Application to non-malignant conditions,"...we explored whether RARE-seq might have 
utility for simultaneously tracking RNA-based treatments and their 
effects on the host. To do so, ",,"we longitudinally profiled plasma from 
five individuals receiving mRNA-based COVID-19 vaccinations (n = 20 
timepoints). We performed RARE-seq on these samples using the RAG 
capture panel supplemented with baits targeting the sequence of the 
mRNA vaccine (Extended Data Fig. 3c).",,"Exogenous therapeutic RNAs, such as lipid nanoparticle-encapsulated mRNA vaccines, can enter systemic circulation and be transiently detected in blood plasma. Concurrently, the administration of such therapies induces rapid physiological reactions in the host—such as innate immune activation and interferon signaling—which predictably alter the host's circulating cell-free transcriptomic profile. Because both the exogenous therapeutic molecules and the host's systemic responses are represented in the cell-free RNA (cfRNA) pool, ultra-sensitive sequencing of plasma can theoretically capture both the pharmacokinetic presence of the drug and the pharmacodynamic immune response simultaneously.","we collected longitudinal blood plasma samples from a cohort of individuals immediately before and at multiple time points after administration of an mRNA-based therapy (e.g., the BNT162b2 SARS-CoV-2 mRNA vaccine). We then extracted cfRNA, performed RARE-seq, and mapped the sequencing reads to both the specific synthetic vaccine mRNA sequence (to quantify the circulating therapeutic) and the human reference genome (to profile changes in host immune and inflammatory transcripts over time)."
,Q2.3,Mutational landscapes and cancer drivers,"BCL11B, ... was mutated in 23 patients at much higher frequency than random expectation.","which encodes a transcription factor that is involved in chromatic remodelling, gene regulation and mammary stem cell self-renewal18,19, ",N/A,,"In cancer genomics, it is a well-established principle that genes exhibiting mutation frequencies significantly higher than the background or random mutation rate are under positive selective pressure, characterizing them as putative driver genes that confer a survival or clonal growth advantage to tumor cells.","This indicates that BCL11B acts as a putative genetic driver in breast cancer, suggesting that alterations in this gene actively contribute to breast tumorigenesis and highlighting it as a clinically relevant biological target or biomarker within this genomic landscape."
,Q2.3,Mutational landscapes and cancer drivers,"Similarly, RREB1, ... was truncated in 26 patients, suggesting that its disruption could affect oncogenic pathways.","which encodes a zinc finger transcription factor that regulates Ras and TGFβ signalling and directly binds the p53 promoter20–22,",N/A,,"It is well established that truncating mutations typically result in a loss of normal protein function or regulatory capacity, and RREB1 is a key transcription factor known to interact with major cellular signaling cascades, such as the RAS/MAPK pathway.",This indicates that the recurrent structural disruption of RREB1 likely contributes to breast cancer pathogenesis by dysregulating downstream oncogenic signaling networks.
,Q2.3,Mutational landscapes and cancer drivers,"higher ploidy and increased homologous recombination DNA repair deficiency (HRD) for double-strand DNA breaks (Extended Data Fig.3a,b).","Tumours with TP53 mutations frequently exhibited genomic instability25, characterized by ",N/A,,"It is well established that homologous recombination is a crucial high-fidelity mechanism for repairing double-strand DNA breaks. Deficiency in this pathway (HRD) predictably leads to profound genomic instability, which frequently manifests as massive structural chromosomal aberrations, aneuploidy, and whole-genome duplication events.","This indicates that these breast cancers are driven by a highly unstable genomic landscape resulting from defective DNA repair mechanisms, suggesting aggressive tumor evolution and highlighting a potential clinical vulnerability to targeted therapies that exploit synthetic lethality, such as PARP inhibitors."
,Q2.3,Mutational landscapes and cancer drivers,"TP53 mutations were positively associated with the level of intratumour genetic heterogeneity (calculated by mutant allele tumour heterogeneity (MATH) scoring with tumour WGS4), particularly in basal-like subtypes (Extended Data Fig.3c shows MATH scores associated with different TP53 mutations),",,indicating more active late-stage mutagenesis and emergence of potent subclones in TP53-mutant tumours.,,"It is well established that TP53 is a critical tumor suppressor gene responsible for maintaining genomic stability through DNA repair, cell cycle arrest, and apoptosis. The loss or mutation of TP53 function is known to induce widespread genomic instability and tolerate the accumulation of diverse genetic aberrations.","This suggests that TP53 dysfunction actively drives clonal evolution and continuous genetic diversification, serving as a primary underlying mechanism for the extensive intratumour heterogeneity characteristically observed in basal-like breast cancers."
,Q2.4,Mutational landscapes and cancer drivers,"Notably, higher MATH scores were associated with poorer overall survival, particularly in TP53-mutant tumours (hazard ratio 1.66, 95% confidence interval 1.08–2.74; P = 0.048; Extended Data Fig.3d,e), ",,"suggesting that intratumoural heterogeneity, as measured by MATH score, is associated with clinical outcomes and deserves further investigation as a potential prognostic factor.",,"The MATH (Mutant-Allele Tumor Heterogeneity) score is a well-established metric used to quantify intra-tumor heterogeneity (ITH). It is widely recognized that elevated intra-tumor heterogeneity provides a broader genetic reservoir for clonal evolution, which facilitates tumor progression, therapy resistance, and generally correlates with adverse clinical outcomes.","This indicates that elevated intra-tumor heterogeneity synergizes with TP53-driven genomic instability to exacerbate disease aggressiveness. Consequently, the MATH score serves as a valuable prognostic biomarker for identifying high-risk patients and guiding clinical management specifically within the TP53-mutant breast cancer subpopulation."
,Q1.1,Key mutational signatures,"To systematically explore the mutational processes that shape alterations in breast cancer genomes,",mutational signature analysis2,"we performed a comprehensive mutational signature analysis2 (Methods, Supplementary Discussion3 and Supplementary Fig. 4).",,"Endogenous and exogenous mutational processes, such as defective DNA repair pathways (e.g., homologous recombination deficiency) or specific enzymatic activities (e.g., APOBEC cytidine deaminases), leave distinct patterns of somatic mutations in the genome termed 'mutational signatures'. Previous large-scale genomic studies, notably by the Pan-Cancer Analysis of Whole Genomes (PCAWG) consortium, have established that applying mathematical deconvolution techniques like non-negative matrix factorization (NMF) to somatic mutation catalogs can effectively decipher these underlying biological processes into categorized single base substitution (SBS), double base substitution (DBS), and small insertion/deletion (ID) signatures.","we performed mutational signature extraction on the whole-genome sequencing data to identify single-base substitution (SBS), double-base substitution (DBS), and small insertion and deletion (ID) signatures using non-negative matrix factorization via SigProfilerExtractor, and mapped the extracted signatures against the established COSMIC mutational signature database."
,Q2.4,Key mutational signatures,"Individuals with HRD (n = 66) exhibited significantly superior disease-free survival compared with those with homologous recombination DNA repair-proficient (HRP) cancer (hazard ratio 0.10, 95% confidence interval 0.02–0.54; P = 0.006; Fig. 2f); ","this difference was more pronounced than in a previous study with a targeted panel-based assay28, ",highlighting the potential of WGS for more specific clinical evaluation of HRD.,,"It is well established that homologous recombination deficiency (HRD) impairs a cancer cell's ability to repair double-strand DNA breaks, rendering the tumor highly vulnerable to DNA-damaging therapeutic agents (such as specific chemotherapies or PARP inhibitors).","This indicates that HRD status serves as a strong, positive prognostic biomarker in this breast cancer cohort, likely because the inherent DNA repair defect makes these tumors highly responsive to adjuvant therapies, thereby effectively preventing disease recurrence."
,Q2.4,Key mutational signatures,"Of note, the population allele frequency of the germline deletion was 31.8% in our cohort (present in 736 individuals, 131 being homozygous and 605 heterozygous; Fig. 2g and Extended Data Fig. 4b), significantly higher than the frequency in the European population29 (31.8% versus 8.5%; P < 0.001 by two-sided chi-square test), ","A germline deletion involving APOBEC3A and APOBEC3B (APOBEC3A/B), which effectively generates APOBEC3AAPOBEC3B fusion transcripts, has been suggested to predispose to APOBEC-mediated hypermutations29 (Extended Data Fig.4a).",suggesting an East Asian origin.,,"It is well established that germline genetic variants can exhibit marked allele frequency differences across distinct ethnic populations, and these population-specific ancestral architectures often contribute to underlying disparities in cancer susceptibility and tumor characteristics.","This indicates a major population-specific genetic divergence, suggesting that this germline deletion represents a distinct, population-dependent genetic factor that may contribute to the unique clinical and molecular features (such as early onset) observed in the Korean breast cancer cohort compared to Western populations."
,Q2.3,Key mutational signatures,"... the deletion was not substantially enriched in patients with breast cancer compared with the background Korean population (51.0%, 844 out of 1,654 individuals, with 150 being homozygous and 694 heterozygous; P = 0.276 by two-sided chi-square test; Fig. 2g), ","Contrary to previous reports30,31, ",suggesting that it is not a strong cancer-predisposing germline variant.,,"In genetic epidemiology and population genetics, for a genomic alteration to be classified as a primary disease-driving mutation or a significant cancer susceptibility locus, it must be statistically enriched in the affected patient cohort relative to a healthy or background control population.","This indicates that the observed deletion is likely a common benign polymorphism endemic to the Korean population, rather than a pathogenic driver or a significant genetic risk factor for breast cancer development."
,Q1.1,Frequently rearranged genes,"To determine the structural variation landscape, ","A key mutational process in cancer is structural variation, which acts to amplify, delete or reorder chromosomal material at scales that range from single genes to entire chromosomes32","we generated a DNA interaction map between 5-Mb segments across the entire genome (Fig. 3a), along with large-scale copy number amplification patterns (CNAs; G-score).",,"Whole-genome sequencing provides the necessary base-pair resolution to detect large-scale structural variations (SVs), which are critical drivers in cancer genomes. Established computational algorithms, such as Manta or Delly, identify these SVs by analyzing split reads and discordant paired-end reads in tumor-normal matched WGS data. This approach allows for the accurate detection and classification of genomic rearrangements—such as large deletions, tandem duplications, inversions, and translocations—and has been robustly validated and standardized in large-scale pan-cancer initiatives like the ICGC/TCGA Pan-Cancer Analysis of Whole Genomes (PCAWG) project.","we applied structural variant calling algorithms to the paired tumor-normal whole-genome sequencing data to detect, classify, and comprehensively map genomic rearrangements across the 1,364 breast cancer genomes."
,Q2.3,Frequently rearranged genes,"For example, 15 breast cancers carried an interchromosomal translocation between chromosomes 8 and 11, which brought CCND1, and ZNF703 and FGFR1 (ZNF703/FGFR1) into close proximity (mostly luminal B type; 73.3%, 11 out of 15; Fig. 3a, top left).","Of note, the interaction was observed in lung cancer33, and was also reported to be associated with reduced benefit from aromatase inhibitors in metastatic breast cancer34.",N/A,,It is well established that CCND1 (located on chromosome 11) and ZNF703/FGFR1 (located on chromosome 8) are key driver oncogenes whose amplification and overexpression are strongly associated with the proliferation and aggressive features of luminal breast cancers.,"This indicates that the interchromosomal translocation serves as a coordinated structural mechanism to simultaneously juxtapose and co-activate these distinct oncogenic drivers, thereby directly contributing to the pathogenesis and phenotype of luminal B breast cancer."
,Q2.4,Frequently rearranged genes,"Another frequent interchromosomal translocation involved the ERBB2 locus on chromosome 17 and a locus on chromosome 20 (observed in 30 participants), ... (Fig. 3a, top right). ... structural variations involving the ERBB2 locus were clustered with super-enhancers genome-wide (P = 0.028 by permutation test; Fig. 3b), which translocated super-enhancers in about 90 kb from the ERBB2 locus (Fig. 3c). Tumours with extragenic structural variants in the vicinity (within 1 Mb) showed significantly higher ERBB2 gene expression levels than their gene copy number (log2 fold change >1, q-value <0.10; Fig. 3d). They often carried extragenic structural variants in the vicinity (within 1 Mb) with a cancer cell fraction (CCF) of approximately 1 (Fig. 3e), and distal breakpoints significantly enriched near breast cancer-specific super-enhancers35 (Fig. 3f).","where breast cancer super-enhancers were enriched35 ... Structural variations can influence  transcription by disrupting enhancer–promoter interactions, chromatin topology and long-range regulatory elements36. In line with this idea, ",Our observation overall suggests a possible enhancer-hijacking mechanism for transcriptional activation in breast cancer genomes.,,"It is well established that genomic structural variations can reposition potent distal regulatory elements, such as super-enhancers, into close proximity with oncogenes—a mechanism known as enhancer hijacking—which drives high levels of aberrant gene transcription independent of copy number amplifications.","This indicates that ERBB2 overexpression in a subset of breast cancers is actively driven by enhancer hijacking, wherein early, clonal structural translocations juxtapose breast cancer-specific super-enhancers near the ERBB2 locus to synergistically fuel oncogene activation."
,Q2.4,Frequently rearranged genes,"In addition, we found gene truncation events associated with structural variation. A total of 28 genes, including the well-established tumour suppressors RB1, PTEN and RUNX1, exhibited significant downregulation due to gene-truncating structural variants, ... (Fig. 3g). ",,reinforcing their tumour suppressor role in breast cancer ,,"It is well established that RB1, PTEN, and RUNX1 are critical tumor suppressor genes whose primary biological function is to inhibit oncogenesis, and their loss-of-function or downregulation is a classical driver of cancer progression.",This indicates that structural variation-mediated gene truncation serves as a significant pathogenic mechanism in breast cancer by effectively silencing essential tumor suppressor genes.
,Q2.4,Frequently rearranged genes,"The fraction of variant-supporting reads suggests that most of the fusion events are clonal or near-clonal, ",,implicating them in tumour initiation.,,It is a well-established principle in cancer genomics and evolutionary biology that variants present at clonal or near-clonal levels (occurring in the vast majority of tumor cells) typically represent early genomic events that occurred prior to the main clonal expansion of the tumor.,"This indicates that these genomic fusions likely act as primary, early driver events in the pathogenesis of breast cancer, playing a foundational role in tumor initiation rather than emerging as late-stage secondary acquisitions during tumor progression."
,Q2.4,Frequently rearranged genes,"In the gene-level analysis, NRG1, which encodes a small ligand of ERBB family kinase receptors, was frequently affected by 166 structural variants in 110 cases (8%, 110 out of 1,364; Extended Data Fig.8; top 2). Although gene disruption was the most frequent outcome (72.9%, 121 out of 166 structural variants), oncogenic fusions were sometimes formed with various partner genes40 (n = 17; Fig. 3i), collectively sixfold more frequently than previous reports41 (1.25% versus 0.2%). Of note, the EGF-like domain of NRG1 was retained in all 17 fusion cases, ",,supporting their oncogenic effect.,,It is well established that the EGF-like domain of NRG1 is the critical functional region required for binding to ERBB family kinase receptors and initiating downstream oncogenic signaling cascades.,"This indicates that these genomic rearrangements produce functional, activating chimeric proteins that drive tumorigenesis via aberrant ERBB pathway activation, highlighting NRG1 fusions as a functionally significant and potentially targetable oncogenic mechanism in a notable subset of breast cancers."
,Q1.1,Hotspots of focal amplifications,"To explore these events in breast cancers,","Focal amplification, which increases the copy number of short-segment DNA (typically up to 3 Mb in size, with a copy number gain greater than 3 compared with flanking regions), is a prominent signature in many human cancers42,43.","we calculated the recurrence score of focal amplifications across the genome, referred to as F-score (Fig. 4a).",,"Traditional targeted sequencing approaches focus on individual mutations in known cancer genes but fail to capture structural variations and pattern-based genomic markers. Whole-genome sequencing (WGS) overcomes this by providing an unbiased, comprehensive view of the cancer genome. Foundational studies have demonstrated that WGS is essential for accurately mapping complex structural variants, copy number alterations, and mutational signatures that drive breast cancer biology (Nik-Zainal et al., 2016). Furthermore, the integration of WGS with transcriptome sequencing (RNA-seq) allows for the functional assessment of acquired genomic variants and the stratification of intrinsic molecular subtypes, such as the PAM50 classification, which is crucial for understanding tumor heterogeneity and clinical outcomes.","We performed whole-genome sequencing (WGS) on 1,364 breast cancer samples from a distinct clinical cohort (the CUBRICS cohort) and integrated the genomic profiles with comprehensive medical records, including treatment responses and long-term outcomes. Additionally, we generated transcriptome sequencing (RNA-seq) data for 1,209 of these cases to classify the tumors into five PAM50 subtypes (luminal A, luminal B, HER2-enriched, basal-like, and normal-like) and to track the expression of the identified genomic variants."
,Q2.4,Hotspots of focal amplifications,"Notably, ZNF703 exhibited higher amplification levels than FGFR1 on chromosome 8, ",,suggesting its oncogenic role in breast cancer.,,"The 8p11-12 chromosomal region is a well-established amplification hotspot in breast cancer that harbors multiple putative oncogenes; while FGFR1 has historically been considered the primary driver of this amplicon, ZNF703 is also located in this region and is known to play a role in luminal breast cancer development.","This indicates that ZNF703, rather than FGFR1, may be the primary target of selective pressure driving the 8p12 amplification in these cases, suggesting it functions as a distinct and independent oncogenic driver in this breast cancer cohort."
,Q2.4,Hotspots of focal amplifications,"Notably, ERBB2 expression exhibited mutual exclusivity with the other oncogenes, ... (Extended Data Fig.9c).",,suggesting a redundant oncogenic mechanism between ERBB2 and the other three genes in breast tumorigenesis,,"In cancer genomics, the mutual exclusivity of oncogenic alterations typically indicates that the activation of a single driver gene is biologically sufficient to promote oncogenesis. This often occurs because the genes act upon the same downstream signaling pathway, making a secondary mutation functionally redundant, or because co-activation of multiple strong oncogenes induces synthetic lethality or senescence.","This indicates that ERBB2 serves as a potent, independent driver of tumorigenesis in this subset of breast cancers, where its singular overexpression is sufficient to sustain tumor development and progression without the evolutionary need or selective pressure to acquire additional primary oncogenic mutations."
,Q2.4,Hotspots of focal amplifications,"Of note, more than 40% of the ERBB2, FGFR1, ZNF703 and CCND1 focal amplifications were formed by extrachromosomal DNA (ecDNA) (Fig. 4c), ",,"suggesting that ecDNA is the primary mechanism of focal amplification42,44.",,"It is well established that extrachromosomal DNA (ecDNA) facilitates massive, high-copy focal oncogene amplification, highly accessible chromatin, and rapid tumor evolution through unequal segregation during cell division.","This indicates that ecDNA is a major structural mechanism driving the high-level expression and genomic plasticity of these critical oncogenes in breast cancer, likely contributing to tumor heterogeneity, aggressiveness, and resistance to targeted therapies."
,Q2.4,Clinical effect of ERBB2 focal gain,"Notably, in our cohort, tumours with ERBB2  copy number of 33 or more were significantly more likely to be ecDNA-positive (P = 0.003; Fig. 4f, right); however, ERBB2 amplification by ecDNA was not associated with pCR rates (P = 0.540). ","Of note, ecDNA is generally associated with poor prognosis across multiple cancer types47.","Our observation suggests that absolute copy number. rather than the amplification mechanism, may be a more relevant predictor of therapeutic response. It also indicates that ERBB2-amplifying ecDNA may be an actionable target for anti-HER2 therapy.",,"Extrachromosomal DNA (ecDNA) is an established mechanism for achieving massive oncogene amplification in cancer, and its unique topological structure is often hypothesized to drive tumor heterogeneity, aggressive behavior, and altered responses to therapy compared to linear chromosomal amplifications.","This suggests that while ecDNA is the primary structural vehicle for achieving extreme levels of ERBB2 amplification, the extrachromosomal state itself does not independently dictate or alter the clinical efficacy of initial neoadjuvant therapy (pathological complete response) in these patients."
,Q2.4,Long-segmental copy number gains,"The timing analysis with the burden of co-amplified, pre-amplification somatic base substitutions yielded the acquisition timing of the frequent long-segmental CNAs in breast cancer in molecular time49 (Extended Data Fig. 10). Most of the recurrent long-segmental CNAs were acquired by 20% of molecular time, when recent common ancestral cells of a cancer emerge, which should be decades earlier than tumour diagnosis. ","which is presumably acquired in early puberty, consistent with a previous report50","This implies that acquisition of the long-segmental CNAs is an early evolutionary event in breast cancer, .... Our findings also suggest that full neoplastic transformation can take decades from the first event of genomic instability.",,It is an established principle in cancer genomics that the accumulation of pre-amplification somatic base substitutions can serve as a 'molecular clock' to estimate the relative evolutionary timing of structural variations and copy number alterations (CNAs) during tumor development.,"Therefore, this indicates that major chromosomal instability events are early initiators of breast cancer pathogenesis, revealing a protracted, decades-long latency period of subclinical tumor evolution prior to clinical manifestation and diagnosis."
,Q2.3,Long-segmental copy number gains,"The most common CNAs occurred at 8q21.13, with a relative timing of 0.15 (IQR 0.08–0.25) and a median copy number gain of 5.5 (IQR 4.0–8.0). This amplification was associated with poor overall survival (hazard ratio 1.67, 95% confidence interval 1.09–2.55; P = 0.019).","This region contains the MYC oncogene, which has been linked to treatment resistance and poor survival across various solid tumours, including breast cancer51.",N/A,,"Consistent with previous genomic profiling studies, copy number amplifications on the 8q chromosome arm are established driver events in breast cancer known to promote tumor progression and aggressive disease phenotypes.","This indicates that the amplification at 8q21.13 is an early, critical oncogenic driver in breast cancer pathogenesis and serves as a significant prognostic biomarker for identifying patients at high risk of adverse clinical outcomes."
,Q2.3,Long-segmental copy number gains,"The 9p23 gain was associated with 823 differentially expressed genes genome-wide (282 upregulated and 531 downregulated; Extended Data Fig.11c), including PSIP1, ",which has been reported to be negatively correlated with survival of patients with TNBC53.,N/A,,"It is well established that genomic copy number gains can drive the overexpression of resident genes, and that PSIP1, located at the 9p23 locus, encodes a chromatin-binding protein and transcriptional coactivator responsible for regulating extensive downstream gene networks.","This indicates that the 9p23 amplification exerts widespread trans-regulatory effects across the breast cancer transcriptome, likely driven by the increased dosage and regulatory activity of the key transcriptional coactivator PSIP1."
,Q2.4,Long-segmental copy number gains,"long-segmental amplifications (typically larger than 1 Mb), often chromosome- or arm-level alterations, were common in breast cancers (Fig. 3a). ... Late-stage CNA acquisitions were more frequently observed in HRD breast cancers (P < 0.001; Extended Data Fig. 11d,e) ... For instance, in one case with HRD (no. 635; Fig. 4j), the rate of CNA acquisition was substantially increased from about 75% of the molecular time, which we speculate is the time of complete inactivation of the homologous recombination-mediated DNA repair pathway.",,This implies that the rate of large-segmental CNAs is accelerated when a tumour cell acquires the HRD phenotype,,"It is well established that the homologous recombination (HR) pathway is critical for high-fidelity DNA double-strand break repair, and homologous recombination deficiency (HRD) inherently leads to genomic instability, predisposing cells to massive structural variations and copy number alterations (CNAs) over time.","This indicates that the complete loss of homologous recombination-mediated DNA repair acts as a distinct temporal catalyst during tumor evolution, driving a rapid, late-stage burst of large-scale chromosomal instability and the accelerated accumulation of copy number alterations."
